{"sensitivity":1.2000000476837159,"ads_sensitivity":0.699999988079071,"scoped_sensitivity":0.4000000059604645,"username":"marshmelllo_editor"}