{"sensitivity":0.800000011920929,"ads_sensitivity":0.800000011920929,"scoped_sensitivity":0.800000011920929,"username":"marshmelllo_editor"}